pixel1;pixel2;pixel3;pixel4;pixel5;pixel6;pixel7;pixel8;pixel9;pixel10;pixel11;pixel12;pixel13;pixel14;pixel15;pixel16;pixel17;pixel18;pixel19;pixel20;pixel21;pixel22;pixel23;pixel24;pixel25;pixel26;pixel27;pixel28;pixel29;pixel30;pixel31;pixel32;pixel33;pixel34;pixel35;pixel36;pixel37;pixel38;pixel39;pixel40;pixel41;pixel42;pixel43;pixel44;pixel45;pixel46;pixel47;pixel48;pixel49;pixel50;pixel51;pixel52;pixel53;pixel54;pixel55;pixel56;pixel57;pixel58;pixel59;pixel60;pixel61;pixel62;pixel63;pixel64;pixel65;pixel66;pixel67;pixel68;pixel69;pixel70;pixel71;pixel72;pixel73;pixel74;pixel75;pixel76;pixel77;pixel78;pixel79;pixel80;pixel81;pixel82;pixel83;pixel84;pixel85;pixel86;pixel87;pixel88;pixel89;pixel90;pixel91;pixel92;pixel93;pixel94;pixel95;pixel96;pixel97;pixel98;pixel99;pixel100;pixel101;pixel102;pixel103;pixel104;pixel105;pixel106;pixel107;pixel108;pixel109;pixel110;pixel111;pixel112;pixel113;pixel114;pixel115;pixel116;pixel117;pixel118;pixel119;pixel120;pixel121;pixel122;pixel123;pixel124;pixel125;pixel126;pixel127;pixel128;pixel129;pixel130;pixel131;pixel132;pixel133;pixel134;pixel135;pixel136;pixel137;pixel138;pixel139;pixel140;pixel141;pixel142;pixel143;pixel144;pixel145;pixel146;pixel147;pixel148;pixel149;pixel150;pixel151;pixel152;pixel153;pixel154;pixel155;pixel156;pixel157;pixel158;pixel159;pixel160;pixel161;pixel162;pixel163;pixel164;pixel165;pixel166;pixel167;pixel168;pixel169;pixel170;pixel171;pixel172;pixel173;pixel174;pixel175;pixel176;pixel177;pixel178;pixel179;pixel180;pixel181;pixel182;pixel183;pixel184;pixel185;pixel186;pixel187;pixel188;pixel189;pixel190;pixel191;pixel192;pixel193;pixel194;pixel195;pixel196;pixel197;pixel198;pixel199;pixel200;pixel201;pixel202;pixel203;pixel204;pixel205;pixel206;pixel207;pixel208;pixel209;pixel210;pixel211;pixel212;pixel213;pixel214;pixel215;pixel216;pixel217;pixel218;pixel219;pixel220;pixel221;pixel222;pixel223;pixel224;pixel225;pixel226;pixel227;pixel228;pixel229;pixel230;pixel231;pixel232;pixel233;pixel234;pixel235;pixel236;pixel237;pixel238;pixel239;pixel240;pixel241;pixel242;pixel243;pixel244;pixel245;pixel246;pixel247;pixel248;pixel249;pixel250;pixel251;pixel252;pixel253;pixel254;pixel255;pixel256;pixel257;pixel258;pixel259;pixel260;pixel261;pixel262;pixel263;pixel264;pixel265;pixel266;pixel267;pixel268;pixel269;pixel270;pixel271;pixel272;pixel273;pixel274;pixel275;pixel276;pixel277;pixel278;pixel279;pixel280;pixel281;pixel282;pixel283;pixel284;pixel285;pixel286;pixel287;pixel288;pixel289;pixel290;pixel291;pixel292;pixel293;pixel294;pixel295;pixel296;pixel297;pixel298;pixel299;pixel300;pixel301;pixel302;pixel303;pixel304;pixel305;pixel306;pixel307;pixel308;pixel309;pixel310;pixel311;pixel312;pixel313;pixel314;pixel315;pixel316;pixel317;pixel318;pixel319;pixel320;pixel321;pixel322;pixel323;pixel324;pixel325;pixel326;pixel327;pixel328;pixel329;pixel330;pixel331;pixel332;pixel333;pixel334;pixel335;pixel336;pixel337;pixel338;pixel339;pixel340;pixel341;pixel342;pixel343;pixel344;pixel345;pixel346;pixel347;pixel348;pixel349;pixel350;pixel351;pixel352;pixel353;pixel354;pixel355;pixel356;pixel357;pixel358;pixel359;pixel360;pixel361;pixel362;pixel363;pixel364;pixel365;pixel366;pixel367;pixel368;pixel369;pixel370;pixel371;pixel372;pixel373;pixel374;pixel375;pixel376;pixel377;pixel378;pixel379;pixel380;pixel381;pixel382;pixel383;pixel384;pixel385;pixel386;pixel387;pixel388;pixel389;pixel390;pixel391;pixel392;pixel393;pixel394;pixel395;pixel396;pixel397;pixel398;pixel399;pixel400;pixel401;pixel402;pixel403;pixel404;pixel405;pixel406;pixel407;pixel408;pixel409;pixel410;pixel411;pixel412;pixel413;pixel414;pixel415;pixel416;pixel417;pixel418;pixel419;pixel420;pixel421;pixel422;pixel423;pixel424;pixel425;pixel426;pixel427;pixel428;pixel429;pixel430;pixel431;pixel432;pixel433;pixel434;pixel435;pixel436;pixel437;pixel438;pixel439;pixel440;pixel441;pixel442;pixel443;pixel444;pixel445;pixel446;pixel447;pixel448;pixel449;pixel450;pixel451;pixel452;pixel453;pixel454;pixel455;pixel456;pixel457;pixel458;pixel459;pixel460;pixel461;pixel462;pixel463;pixel464;pixel465;pixel466;pixel467;pixel468;pixel469;pixel470;pixel471;pixel472;pixel473;pixel474;pixel475;pixel476;pixel477;pixel478;pixel479;pixel480;pixel481;pixel482;pixel483;pixel484;pixel485;pixel486;pixel487;pixel488;pixel489;pixel490;pixel491;pixel492;pixel493;pixel494;pixel495;pixel496;pixel497;pixel498;pixel499;pixel500;pixel501;pixel502;pixel503;pixel504;pixel505;pixel506;pixel507;pixel508;pixel509;pixel510;pixel511;pixel512;pixel513;pixel514;pixel515;pixel516;pixel517;pixel518;pixel519;pixel520;pixel521;pixel522;pixel523;pixel524;pixel525;pixel526;pixel527;pixel528;pixel529;pixel530;pixel531;pixel532;pixel533;pixel534;pixel535;pixel536;pixel537;pixel538;pixel539;pixel540;pixel541;pixel542;pixel543;pixel544;pixel545;pixel546;pixel547;pixel548;pixel549;pixel550;pixel551;pixel552;pixel553;pixel554;pixel555;pixel556;pixel557;pixel558;pixel559;pixel560;pixel561;pixel562;pixel563;pixel564;pixel565;pixel566;pixel567;pixel568;pixel569;pixel570;pixel571;pixel572;pixel573;pixel574;pixel575;pixel576;pixel577;pixel578;pixel579;pixel580;pixel581;pixel582;pixel583;pixel584;pixel585;pixel586;pixel587;pixel588;pixel589;pixel590;pixel591;pixel592;pixel593;pixel594;pixel595;pixel596;pixel597;pixel598;pixel599;pixel600;pixel601;pixel602;pixel603;pixel604;pixel605;pixel606;pixel607;pixel608;pixel609;pixel610;pixel611;pixel612;pixel613;pixel614;pixel615;pixel616;pixel617;pixel618;pixel619;pixel620;pixel621;pixel622;pixel623;pixel624;pixel625;pixel626;pixel627;pixel628;pixel629;pixel630;pixel631;pixel632;pixel633;pixel634;pixel635;pixel636;pixel637;pixel638;pixel639;pixel640;pixel641;pixel642;pixel643;pixel644;pixel645;pixel646;pixel647;pixel648;pixel649;pixel650;pixel651;pixel652;pixel653;pixel654;pixel655;pixel656;pixel657;pixel658;pixel659;pixel660;pixel661;pixel662;pixel663;pixel664;pixel665;pixel666;pixel667;pixel668;pixel669;pixel670;pixel671;pixel672;pixel673;pixel674;pixel675;pixel676;pixel677;pixel678;pixel679;pixel680;pixel681;pixel682;pixel683;pixel684;pixel685;pixel686;pixel687;pixel688;pixel689;pixel690;pixel691;pixel692;pixel693;pixel694;pixel695;pixel696;pixel697;pixel698;pixel699;pixel700;pixel701;pixel702;pixel703;pixel704;pixel705;pixel706;pixel707;pixel708;pixel709;pixel710;pixel711;pixel712;pixel713;pixel714;pixel715;pixel716;pixel717;pixel718;pixel719;pixel720;pixel721;pixel722;pixel723;pixel724;pixel725;pixel726;pixel727;pixel728;pixel729;pixel730;pixel731;pixel732;pixel733;pixel734;pixel735;pixel736;pixel737;pixel738;pixel739;pixel740;pixel741;pixel742;pixel743;pixel744;pixel745;pixel746;pixel747;pixel748;pixel749;pixel750;pixel751;pixel752;pixel753;pixel754;pixel755;pixel756;pixel757;pixel758;pixel759;pixel760;pixel761;pixel762;pixel763;pixel764;pixel765;pixel766;pixel767;pixel768;pixel769;pixel770;pixel771;pixel772;pixel773;pixel774;pixel775;pixel776;pixel777;pixel778;pixel779;pixel780;pixel781;pixel782;pixel783;pixel784
0;0;0;0;0;0;0;1;0;0;83;142;50;0;0;0;0;85;145;31;0;0;0;0;0;0;0;0;0;0;0;0;0;0;0;0;0;215;210;208;255;254;225;227;255;221;199;211;129;0;0;0;0;0;0;0;0;0;0;0;0;0;2;0;105;213;187;187;204;223;230;227;221;188;183;188;188;7;0;0;0;0;0;0;0;0;0;0;0;0;0;0;169;206;185;193;189;230;219;229;205;180;186;181;201;61;0;0;0;0;0;0;0;0;0;0;0;0;0;0;206;214;190;185;177;204;244;215;174;181;177;187;209;118;0;0;0;0;0;0;0;0;0;0;0;0;0;8;196;219;178;184;183;177;222;181;173;184;173;203;210;177;0;0;0;0;0;0;0;0;0;0;0;0;0;64;211;219;83;199;197;184;201;201;185;206;153;150;223;205;0;0;0;0;0;0;0;0;0;0;0;0;0;128;217;220;61;205;196;188;194;211;199;203;159;112;226;194;30;0;0;0;0;0;0;0;0;0;0;0;0;165;222;253;0;203;197;193;185;194;204;211;155;73;233;203;71;0;0;0;0;0;0;0;0;0;0;0;0;174;234;207;0;219;201;196;207;190;194;230;105;0;255;210;90;0;0;0;0;0;0;0;0;0;0;0;0;157;243;163;0;245;203;215;209;215;182;231;142;0;255;223;109;0;0;0;0;0;0;0;0;0;0;0;0;150;241;142;0;230;192;234;198;236;199;203;144;0;228;222;111;0;0;0;0;0;0;0;0;0;0;0;0;166;251;132;52;236;191;204;182;236;210;190;226;0;216;240;150;0;0;0;0;0;0;0;0;0;0;0;0;146;223;87;132;223;192;196;186;215;201;184;231;55;122;218;112;0;0;0;0;0;0;0;0;0;0;0;0;0;0;0;210;207;195;200;186;212;208;188;210;147;0;0;0;0;0;0;0;0;0;0;0;0;0;0;0;2;0;44;237;205;197;204;190;211;208;201;191;207;0;0;0;0;0;0;0;0;0;0;0;0;0;0;0;2;0;110;208;208;199;207;193;207;213;211;188;234;24;0;3;0;0;0;0;0;0;0;0;0;0;0;2;0;0;184;203;212;199;212;193;208;223;216;185;205;71;0;3;0;0;0;0;0;0;0;0;0;0;0;2;0;0;224;198;226;199;215;191;210;231;216;170;209;110;0;2;0;0;0;0;0;0;0;0;0;0;0;2;0;0;237;197;231;204;215;202;208;244;220;170;213;128;0;1;0;0;0;0;0;0;0;0;0;0;0;1;0;0;245;196;230;209;201;202;209;246;213;169;214;150;0;1;0;0;0;0;0;0;0;0;0;0;0;2;0;3;248;192;230;208;186;184;213;253;214;173;212;189;0;0;0;0;0;0;0;0;0;0;0;0;0;2;0;15;217;188;231;210;186;186;219;255;214;177;210;227;0;0;0;0;0;0;0;0;0;0;0;0;0;3;0;49;222;183;235;207;188;184;220;255;215;179;207;206;0;0;0;0;0;0;0;0;0;0;0;0;0;2;0;87;225;179;239;204;189;183;221;255;214;180;205;218;15;0;0;0;0;0;0;0;0;0;0;0;0;2;0;129;223;177;224;198;187;178;217;254;216;192;211;242;78;0;0;0;0;0;0;0;0;0;0;0;0;3;0;156;224;183;255;231;205;196;250;255;254;224;205;177;75;0;0;0;0;0;0;0;0;0;0;0;0;0;0;4;20;0;21;122;184;167;118;45;27;12;0;0;0;0;0;0;0;0;0
0;0;0;0;0;0;1;1;0;0;21;153;100;88;81;130;50;0;0;0;0;0;0;0;0;0;0;0;0;0;0;0;0;0;0;0;0;6;100;118;151;138;150;147;58;18;0;0;0;1;0;0;0;0;0;0;0;0;0;0;0;0;0;0;47;124;89;168;191;200;217;172;13;4;54;12;0;0;0;0;0;0;0;0;0;0;0;0;0;0;66;107;127;105;154;234;112;111;107;86;215;132;42;82;54;20;0;0;0;0;0;0;0;0;0;0;0;2;135;85;92;113;135;177;55;18;89;32;119;192;35;65;61;59;0;0;0;0;0;0;0;0;0;0;0;25;132;88;93;124;119;184;189;143;48;46;28;16;62;56;42;58;10;0;0;0;0;0;0;0;0;0;0;54;113;99;78;115;107;123;128;191;218;103;58;66;51;46;44;69;24;0;0;0;0;0;0;0;0;0;0;70;127;115;77;77;71;73;59;63;100;145;47;63;52;29;80;66;33;0;0;0;0;0;0;0;0;0;0;80;153;120;90;54;255;193;43;74;31;173;126;37;37;52;130;36;54;0;0;0;0;0;0;0;0;0;0;89;165;120;74;88;157;96;67;69;48;196;120;28;33;56;96;40;61;0;0;0;0;0;0;0;0;0;0;94;173;160;165;138;47;65;78;78;71;14;80;58;32;58;89;58;61;0;0;0;0;0;0;0;0;0;0;96;168;181;82;112;69;80;78;84;73;75;118;59;39;46;74;65;69;5;0;0;0;0;0;0;0;0;9;100;151;187;86;119;67;71;77;86;59;67;118;65;37;47;73;78;70;8;0;0;0;0;0;0;0;0;16;103;143;196;94;105;62;71;84;82;70;70;122;67;40;46;85;90;65;16;0;0;0;0;0;0;0;0;23;105;139;210;100;94;77;69;52;80;61;62;122;74;35;37;92;108;55;18;0;0;0;0;0;0;0;0;31;103;145;226;90;100;75;63;89;56;107;44;122;78;33;31;130;111;43;31;0;0;0;0;0;0;0;0;43;97;158;246;75;116;70;105;231;120;252;44;124;78;28;35;136;93;50;37;0;0;0;0;0;0;0;0;48;82;169;218;67;119;85;51;58;42;67;33;134;84;16;48;150;77;65;32;0;0;0;0;0;0;0;0;56;73;177;183;75;123;90;65;70;75;67;47;138;93;13;70;157;74;75;35;0;0;0;0;0;0;0;0;66;71;176;173;82;115;90;71;75;71;70;50;142;101;12;69;157;80;70;40;0;0;0;0;0;0;0;0;73;67;165;177;82;120;96;73;80;70;67;52;134;115;16;40;145;88;73;36;0;0;0;0;0;0;0;0;81;63;151;181;80;120;90;80;80;67;70;59;123;130;24;36;153;86;59;36;0;0;0;0;0;0;0;0;89;65;143;176;78;119;92;86;73;67;78;66;116;131;48;24;170;97;50;44;0;0;0;0;0;0;0;0;99;59;143;174;99;115;96;71;62;71;81;67;115;105;63;16;164;103;44;40;0;0;0;0;0;0;0;0;94;66;135;187;118;150;130;80;100;104;105;97;123;124;97;18;146;112;40;36;0;0;0;0;0;0;0;0;86;100;66;0;25;42;42;32;39;39;29;24;35;24;13;0;48;128;42;43;0;0;0;0;0;0;0;0;88;71;48;0;0;0;0;0;0;0;0;0;0;0;0;0;56;130;14;14;0;0;0;0;0;0;0;0;113;161;96;0;0;1;1;0;0;0;0;0;1;1;2;0;21;138;151;71;0;0;0;0
0;0;0;0;0;0;0;0;0;0;0;0;0;2;0;0;0;0;0;2;0;0;0;0;0;0;0;0;0;0;0;0;0;0;0;0;0;1;0;0;131;210;199;201;219;195;0;0;1;0;0;0;0;0;0;0;0;0;0;0;0;0;0;1;0;0;0;150;231;217;170;161;221;243;179;0;0;0;2;0;0;0;0;0;0;0;0;0;0;0;0;0;0;12;184;222;209;218;179;198;229;211;229;187;0;0;0;0;0;0;0;0;0;0;0;0;0;2;0;0;179;219;221;208;212;234;65;75;237;214;210;229;213;118;0;0;0;0;0;0;0;0;0;0;0;3;0;84;239;208;208;212;205;225;184;206;231;207;217;214;212;241;152;0;0;0;0;0;0;0;0;0;0;1;0;136;228;209;212;214;213;217;180;228;213;214;221;216;210;217;191;0;0;0;0;0;0;0;0;0;0;0;0;189;229;213;220;207;208;227;143;181;213;209;214;219;210;218;227;0;0;0;0;0;0;0;0;0;0;0;0;196;222;219;203;181;215;211;226;217;208;211;211;214;214;215;253;6;0;0;0;0;0;0;0;0;0;0;10;213;217;221;218;215;213;208;208;207;216;211;213;211;217;213;252;39;0;0;0;0;0;0;0;0;0;0;56;223;218;232;212;215;214;218;210;196;211;199;211;212;217;214;252;67;0;0;0;0;0;0;0;0;0;0;97;227;219;244;220;214;208;201;229;223;206;205;219;207;231;217;248;81;0;0;0;0;0;0;0;0;0;0;143;230;220;242;231;215;209;190;201;221;230;212;214;209;248;216;246;100;0;0;0;0;0;0;0;0;0;0;175;227;222;214;235;213;218;218;207;197;222;217;214;215;254;216;241;119;0;0;0;0;0;0;0;0;0;0;196;225;230;121;245;213;213;215;213;208;217;212;219;203;163;233;234;142;0;0;0;0;0;0;0;0;0;0;185;228;217;34;251;213;213;214;215;213;218;215;220;223;93;242;231;155;0;0;0;0;0;0;0;0;0;0;199;229;195;17;254;213;209;190;220;205;205;217;212;241;83;237;229;160;0;0;0;0;0;0;0;0;0;0;210;234;117;100;255;209;218;216;212;212;224;215;208;253;80;222;234;173;0;0;0;0;0;0;0;0;0;20;219;232;116;182;243;214;214;217;215;217;219;214;205;250;90;197;238;175;0;0;0;0;0;0;0;0;0;44;224;220;185;225;227;219;218;217;218;220;227;218;217;234;185;206;235;177;0;0;0;0;0;0;0;0;0;73;253;220;235;223;222;222;214;203;224;210;211;219;217;218;227;223;225;181;0;0;0;0;0;0;0;0;0;97;252;222;224;212;221;226;215;215;218;219;225;219;227;213;219;228;221;184;0;0;0;0;0;0;0;0;0;118;246;226;231;226;234;229;216;215;218;222;225;216;224;225;227;233;222;187;0;0;0;0;0;0;0;0;0;144;243;229;230;216;226;226;219;216;219;221;226;218;215;215;225;238;225;182;0;0;0;0;0;0;0;0;0;162;233;230;223;219;224;224;222;218;218;222;226;219;216;219;221;239;227;178;0;0;0;0;0;0;0;0;0;171;219;230;224;212;214;217;214;214;215;216;218;217;205;211;223;237;226;171;0;0;0;0;0;0;0;0;0;219;237;255;241;255;254;253;248;243;245;249;250;254;253;254;238;252;252;187;0;0;0;0;0;0;0;0;0;76;131;107;0;68;112;132;154;164;171;167;154;131;118;73;0;164;225;123;0;0;0;0
0;0;0;0;0;0;1;1;0;0;0;142;122;94;95;136;177;13;0;0;2;1;0;0;0;0;0;0;0;0;0;0;0;2;0;0;0;8;118;186;237;247;250;211;173;71;0;0;0;0;1;0;0;0;0;0;0;0;0;0;0;0;0;68;142;160;175;163;149;235;238;133;85;159;148;128;76;0;0;1;0;0;0;0;0;0;0;2;0;30;143;147;136;122;102;152;174;198;112;131;137;122;115;125;132;128;29;0;2;0;0;0;0;0;0;0;0;137;142;126;121;121;125;105;139;154;125;149;113;106;113;103;111;121;126;0;0;0;0;0;0;0;0;0;80;146;128;134;123;121;118;110;116;105;101;118;103;112;106;113;112;116;125;17;0;0;0;0;0;0;0;0;101;144;136;132;118;120;117;112;113;128;123;113;106;111;115;105;105;122;131;45;0;0;0;0;0;0;0;0;117;160;167;134;125;120;120;113;116;105;108;116;120;110;108;96;105;149;143;58;0;0;0;0;0;0;0;0;136;172;196;147;123;117;118;115;117;106;111;118;118;106;112;90;158;154;136;75;0;0;0;0;0;0;0;0;152;159;232;204;120;129;116;121;113;123;129;116;110;108;113;96;201;125;146;82;0;0;0;0;0;0;0;0;175;139;246;241;125;138;122;126;118;120;128;123;117;113;103;113;203;112;149;110;0;0;0;0;0;0;0;0;195;129;237;220;112;128;131;120;122;108;117;117;120;115;97;122;201;120;155;116;0;0;0;0;0;0;0;4;206;99;221;238;95;131;142;122;118;125;126;122;126;129;101;111;193;134;165;115;0;0;0;0;0;0;0;23;214;96;206;242;84;134;144;120;115;132;125;115;117;137;101;108;206;152;165;115;0;0;0;0;0;0;0;28;220;100;191;254;89;143;142;113;123;113;113;126;106;153;92;127;224;177;160;122;0;0;0;0;0;0;0;35;238;120;175;247;95;144;134;118;122;128;118;129;106;154;101;136;224;205;148;144;3;0;0;0;0;0;0;43;227;174;168;251;95;152;125;125;118;138;122;123;108;136;123;107;194;222;139;152;19;0;0;0;0;0;0;60;191;195;183;153;112;147;122;123;125;129;115;120;115;117;146;61;188;227;134;149;35;0;0;0;0;0;0;85;172;195;210;179;118;134;121;123;127;120;120;118;117;106;144;76;194;227;142;147;49;0;0;0;0;0;0;101;158;203;211;105;126;125;121;120;128;141;121;120;122;110;128;99;146;243;144;139;59;0;0;0;0;0;0;106;141;207;210;75;128;117;127;108;138;142;127;118;121;112;106;125;74;236;144;136;69;0;0;0;0;0;0;108;126;204;203;81;132;118;128;105;155;122;107;122;113;118;100;136;23;189;147;133;79;0;0;0;0;0;0;105;133;194;179;64;137;116;121;103;162;143;120;123;118;118;105;133;21;157;169;123;95;0;0;0;0;0;0;89;146;188;55;80;139;122;118;111;164;146;116;118;108;117;110;143;34;94;173;103;97;0;0;0;0;0;0;71;144;195;0;38;158;105;115;118;148;132;122;122;116;115;108;149;0;23;181;116;54;0;0;0;0;0;0;77;143;195;2;0;122;139;115;108;139;147;112;120;110;112;125;99;0;8;191;121;73;0;0;0;0;0;0;95;151;191;7;0;0;100;144;122;173;179;123;141;142;146;97;0;0;0;198;129;87;0;0;0;0;0;0;0;11;19;0;0;0;0;34;54;96;100;92;91;59;19;0;0;0;0;17;0;0;0;0;0
0;0;0;0;0;0;0;0;0;0;0;0;0;0;0;0;0;0;0;0;0;0;0;0;0;0;0;0;0;0;0;0;0;0;0;0;0;0;0;0;0;0;0;0;0;0;0;0;0;0;0;0;0;0;0;0;0;0;0;0;0;0;0;0;0;0;0;0;0;0;0;0;0;0;0;0;0;0;0;0;0;0;0;0;0;0;0;0;0;0;0;0;0;0;0;0;0;0;0;0;0;0;0;0;0;0;0;0;0;0;0;0;0;0;0;0;0;0;0;0;0;0;0;0;0;0;0;0;0;0;0;0;0;0;0;0;0;0;0;0;2;0;4;155;164;165;165;166;165;165;165;165;165;162;161;158;158;148;140;146;149;153;158;158;154;167;138;0;3;0;20;192;180;185;186;187;186;182;184;184;184;184;184;184;185;188;191;188;186;184;178;178;175;179;195;0;3;0;20;179;173;170;172;173;172;173;174;175;175;175;173;170;172;172;171;170;167;167;167;167;165;173;186;0;4;0;17;178;174;174;175;177;177;175;175;177;177;177;177;175;174;175;175;177;175;177;180;180;178;181;205;0;3;0;17;174;177;175;177;179;178;177;177;178;178;179;179;179;178;177;178;179;181;181;184;184;182;187;208;0;3;0;9;170;184;177;180;181;180;179;180;181;180;182;185;185;180;179;180;182;186;188;188;191;187;191;203;0;4;0;9;165;180;180;182;182;181;178;177;184;182;180;182;184;181;181;184;187;187;190;192;186;180;188;220;0;1;0;18;185;172;181;175;175;175;177;175;173;177;172;172;172;167;167;171;174;180;184;180;179;195;193;233;0;0;0;0;200;184;177;185;181;174;175;186;191;190;192;194;197;197;194;197;193;187;185;194;208;201;188;223;0;4;0;72;205;190;192;199;208;221;206;158;166;171;171;172;174;172;172;170;159;206;251;214;201;180;175;206;0;0;9;85;175;187;171;177;194;199;160;251;233;236;242;239;244;243;244;253;214;165;214;171;177;177;175;223;11;0;146;116;161;193;172;179;195;188;139;255;201;194;192;191;191;191;184;205;191;151;227;184;191;186;177;242;106;0;140;252;184;188;180;185;200;187;149;229;192;187;190;192;188;192;182;211;179;151;225;187;192;190;186;197;57;123;146;27;178;197;181;188;194;207;110;211;207;187;193;195;186;194;187;224;166;170;225;198;197;194;191;190;107;154;205;2;174;206;178;188;190;208;149;132;236;191;212;219;211;213;199;206;138;204;213;205;207;195;193;200;115;166;177;0;159;203;181;197;187;188;212;120;166;212;201;199;197;194;207;187;152;224;210;199;201;194;217;168;0;24;170;218;195;199;201;178;186;180;185;190;155;194;200;188;188;210;220;177;200;206;195;200;192;213;219;43;0;0;0;34;0;49;221;200;210;206;204;200;203;197;205;206;206;208;201;205;220;216;225;211;213;229;63;0;0;1;0;0;0;0;0;74;99;131;145;162;165;172;180;184;187;186;179;184;162;148;132;95;51;0;0;2;0;0;0;0;0;0;0;0;0;0;0;0;0;0;0;0;0;0;0;0;0;0;0;0;0;0;0;0;0;0;0;0;0;0;0;0;0;0;0;0;0;0;0;0;0;0;0;0;0;0;0;0;0;0;0;0;0;0;0;0;0;0;0;0;0;0;0;0;0;0;0;0;0;0;0;0;0;0;0;0;0;0;0;0;0;0;0;0;0;0;0;0;0;0;0;0;0;0;0;0;0;0;0;0;0;0;0;0;0;0;0;0;0
0;0;0;0;0;0;0;0;0;0;0;0;0;0;0;0;0;0;0;0;0;0;0;0;0;0;0;0;0;0;0;0;0;0;0;0;0;0;0;0;0;0;0;0;0;0;0;0;0;0;0;0;0;0;0;0;0;0;0;0;0;0;0;0;0;0;0;0;0;0;0;0;0;0;0;0;0;0;0;0;0;0;0;0;0;0;0;0;0;0;0;0;0;0;0;0;0;0;0;0;0;0;0;0;0;0;0;0;0;0;0;0;0;0;0;0;0;0;0;0;0;0;0;0;0;0;0;0;4;11;35;50;34;0;0;39;67;68;3;0;0;0;0;0;0;0;0;0;0;1;0;0;1;0;37;107;104;102;78;168;156;96;176;171;173;205;32;0;0;0;0;0;0;0;0;0;0;0;0;0;0;0;37;120;132;142;117;119;170;194;143;132;129;65;0;0;0;0;0;0;0;0;0;0;0;0;0;0;1;1;0;0;0;6;26;6;166;132;106;114;1;0;0;1;0;0;0;0;0;0;0;0;0;0;0;0;0;0;0;0;0;0;0;0;184;50;94;21;0;0;0;0;0;0;0;0;0;0;0;0;0;0;0;0;0;0;0;1;1;4;0;11;196;112;71;0;0;0;76;63;0;0;0;0;0;0;0;0;0;0;0;0;0;0;0;0;0;1;0;8;199;129;16;0;37;147;235;76;0;0;0;0;0;0;0;0;0;0;0;0;0;0;0;0;0;3;0;6;205;70;1;117;194;179;173;14;1;1;0;0;0;0;0;0;0;0;3;0;0;1;0;0;0;6;0;8;189;106;212;237;196;147;152;3;0;1;0;0;0;0;0;0;0;0;1;0;1;1;1;0;1;0;0;45;143;245;145;37;60;194;158;0;0;0;0;0;0;0;0;0;1;0;0;0;1;0;3;3;3;0;45;202;214;58;0;0;1;210;138;0;0;0;0;0;0;0;0;0;1;0;0;1;1;0;1;1;0;35;209;214;47;0;0;0;4;217;116;0;1;0;0;0;0;0;0;0;0;0;0;0;0;0;3;0;16;189;183;0;0;8;4;0;6;176;91;0;1;0;0;0;0;0;0;6;0;0;1;0;1;1;1;0;129;227;24;0;8;0;3;0;6;176;67;0;0;0;0;1;0;39;98;40;4;0;0;0;0;3;0;47;184;91;0;6;3;0;4;0;8;178;45;0;0;3;1;3;0;40;183;40;32;0;1;0;3;0;0;174;187;0;0;3;0;0;4;0;14;176;32;0;0;0;0;0;0;0;255;101;50;0;0;0;0;0;83;181;60;0;3;1;1;1;6;0;17;173;26;0;11;31;13;9;9;0;150;99;102;24;0;6;0;50;215;155;0;1;0;0;0;1;6;0;27;173;21;0;50;173;160;145;124;101;45;45;137;122;81;71;125;207;201;9;0;3;0;0;1;0;6;0;22;163;16;0;3;21;52;106;142;174;191;205;217;156;210;237;204;163;27;0;3;1;0;0;0;0;4;0;58;194;9;0;3;0;0;0;0;0;0;13;32;67;102;60;19;0;0;3;1;3;0;0;0;0;4;0;40;137;0;0;0;0;0;0;0;0;0;0;0;0;0;0;0;0;0;0;0;0;0;0;0;0;0;0;0;0;0;0;0;0;0;0;0;0;0;0;0;0;0;0;0;0;0;0;0;0;0;0;0;0;0;0;0;0;0;0;0;0;0;0;0;0;0;0;0;0;0;0;0;0;0;0;0;0;0;0;0;0;0;0;0;0;0;0
0;0;0;0;0;0;1;5;0;0;0;91;167;142;143;166;148;0;0;0;1;1;1;0;0;0;0;0;0;0;0;0;0;2;0;0;0;0;105;250;252;248;246;252;255;105;0;0;0;0;2;0;0;0;0;0;0;0;0;0;2;0;0;98;155;190;245;239;241;244;242;239;238;245;203;154;80;0;0;2;0;0;0;0;0;0;0;0;0;0;131;194;180;198;240;209;238;241;240;243;206;238;225;183;201;138;0;0;0;0;0;0;0;0;0;0;0;51;166;157;168;141;182;146;188;225;210;221;158;192;205;171;145;181;108;0;0;0;0;0;0;0;0;0;0;115;179;172;188;165;158;162;164;235;206;192;169;151;149;189;173;162;150;0;0;0;0;0;0;0;0;0;0;140;193;175;166;166;161;177;154;222;198;180;193;151;184;184;171;178;158;0;0;0;0;0;0;0;0;0;0;162;190;172;187;179;166;166;190;180;186;198;171;163;166;192;170;193;166;0;0;0;0;0;0;0;0;0;0;171;215;168;163;183;145;159;156;194;174;142;183;150;168;156;172;197;167;0;0;0;0;0;0;0;0;0;0;155;201;185;179;158;167;176;167;181;198;154;153;180;195;168;176;180;179;4;0;0;0;0;0;0;0;0;0;166;203;201;174;178;148;193;173;186;142;193;141;182;165;176;172;186;189;20;0;0;0;0;0;0;0;0;16;179;199;213;153;183;161;177;152;203;179;180;176;165;197;168;201;205;185;39;0;0;0;0;0;0;0;0;51;194;198;200;169;194;169;156;193;186;167;187;163;152;172;167;207;192;188;24;0;0;0;0;0;0;0;0;39;199;201;190;151;165;170;161;158;167;157;145;170;174;181;135;204;176;219;40;0;0;0;0;0;0;0;0;73;183;210;195;175;160;156;182;184;192;178;172;151;186;180;167;193;199;217;57;0;0;0;0;0;0;0;0;86;205;201;222;148;192;142;192;156;202;158;192;156;176;171;178;205;215;201;75;0;0;0;0;0;0;0;0;105;197;190;234;159;185;174;172;177;190;182;181;168;152;200;168;189;213;179;98;0;0;0;0;0;0;0;0;107;198;176;231;161;185;161;150;185;178;148;187;156;157;162;135;163;221;181;91;0;0;0;0;0;0;0;0;119;193;196;231;167;150;167;167;171;203;170;150;168;180;199;124;133;223;190;116;0;0;0;0;0;0;0;0;118;196;190;218;180;162;150;188;185;184;168;178;150;177;165;165;96;224;185;121;0;0;0;0;0;0;0;0;155;180;193;216;161;176;149;181;158;182;160;187;161;171;188;157;86;222;180;133;0;0;0;0;0;0;0;0;141;154;204;181;176;180;164;162;199;188;182;189;148;150;186;160;49;225;164;133;0;0;0;0;0;0;0;0;131;168;231;93;145;171;149;149;171;172;157;165;153;161;159;154;44;249;182;138;0;0;0;0;0;0;0;0;125;183;247;66;185;145;162;183;185;190;180;152;152;182;193;162;17;245;185;148;0;0;0;0;0;0;0;0;141;182;221;35;201;157;153;182;186;188;146;194;134;175;157;190;0;211;185;154;0;0;0;0;0;0;0;0;146;179;217;0;209;168;163;169;184;187;173;172;163;158;180;179;0;209;176;156;0;0;0;0;0;0;0;0;153;194;204;0;245;174;161;204;211;192;194;214;185;165;182;197;0;230;199;137;0;0;0;0;0;0;0;0;40;130;80;0;94;92;87;96;79;90;84;90;99;104;90;60;0;129;146;78;0;0;0;0
0;0;0;0;0;0;0;0;15;132;121;148;148;145;151;151;154;138;120;145;0;0;0;0;0;0;0;0;0;0;0;0;0;0;0;0;117;255;241;244;255;255;255;255;255;242;242;255;65;0;0;0;0;0;0;0;0;0;0;0;0;0;0;0;155;247;224;230;223;224;222;222;223;225;222;249;136;0;0;0;0;0;0;0;0;0;0;0;0;0;0;0;183;249;240;233;230;232;232;231;232;230;240;248;170;0;0;0;0;0;0;0;0;0;0;0;0;0;0;0;218;246;135;253;235;230;232;233;239;239;141;255;211;0;0;0;0;0;0;0;0;0;0;0;0;0;0;0;212;238;29;255;235;232;231;234;239;251;47;246;211;0;0;0;0;0;0;0;0;0;0;0;0;0;0;0;235;255;1;255;234;232;231;232;236;255;0;231;236;0;0;0;0;0;0;0;0;0;0;0;0;0;0;20;255;209;0;255;235;231;232;231;242;255;0;219;255;34;0;0;0;0;0;0;0;0;0;0;0;0;0;51;255;155;0;255;232;234;232;232;240;255;0;161;255;61;0;0;0;0;0;0;0;0;0;0;0;0;0;116;255;123;0;255;227;235;232;233;229;255;0;113;255;114;0;0;0;0;0;0;0;0;0;0;0;0;0;149;255;134;104;255;223;232;232;232;229;255;76;123;255;148;0;0;0;0;0;0;0;0;0;0;0;0;0;116;255;98;196;246;229;237;234;234;232;243;203;97;241;90;0;0;0;0;0;0;0;0;0;0;0;0;0;0;0;0;255;237;232;234;234;235;231;236;255;0;0;0;0;0;0;0;0;0;0;0;0;0;0;0;0;0;0;22;241;234;234;234;234;234;234;235;237;14;0;1;0;0;0;0;0;0;0;0;0;0;0;0;0;3;0;38;247;232;234;232;233;233;232;233;239;24;0;3;0;0;0;0;0;0;0;0;0;0;0;0;0;4;0;45;247;232;236;234;234;234;234;233;238;25;0;3;0;0;0;0;0;0;0;0;0;0;0;0;0;4;0;40;248;231;234;232;233;233;232;233;238;17;0;3;0;0;0;0;0;0;0;0;0;0;0;0;0;3;0;28;243;234;234;234;234;234;233;238;233;5;0;4;0;0;0;0;0;0;0;0;0;0;0;0;0;2;0;8;231;236;233;233;234;235;232;238;219;0;0;2;0;0;0;0;0;0;0;0;0;0;0;0;0;2;0;0;220;239;234;234;235;236;233;244;233;0;0;1;0;0;0;0;0;0;0;0;0;0;0;0;0;1;0;0;209;243;233;234;236;236;233;247;231;0;0;1;0;0;0;0;0;0;0;0;0;0;0;0;0;0;0;0;235;244;233;234;234;234;232;247;203;0;0;0;0;0;0;0;0;0;0;0;0;0;0;0;0;0;0;0;221;245;232;233;234;235;231;252;175;0;0;0;0;0;0;0;0;0;0;0;0;0;0;0;0;0;0;0;199;248;232;234;236;236;232;253;153;0;1;0;0;0;0;0;0;0;0;0;0;0;0;0;0;0;0;0;177;251;232;237;236;238;232;255;143;0;2;0;0;0;0;0;0;0;0;0;0;0;0;0;0;0;1;0;153;253;231;233;231;234;231;254;139;0;3;0;0;0;0;0;0;0;0;0;0;0;0;0;0;0;3;0;177;255;247;248;255;248;248;255;131;0;4;0;0;0;0;0;0;0;0;0;0;0;0;0;0;0;0;0;34;136;133;154;156;143;133;114;3;0;3;0;0;0;0;0;0;0
0;0;0;0;0;0;0;2;2;2;0;114;255;210;205;253;112;0;0;2;3;0;0;0;0;0;0;0;0;0;0;0;0;0;5;0;0;0;0;223;252;211;231;251;220;0;0;0;0;0;1;0;0;0;0;0;0;0;0;0;1;0;0;0;50;154;255;242;237;228;230;242;241;255;201;83;0;0;0;1;0;0;0;0;0;0;0;0;0;0;113;213;243;249;232;236;238;240;250;239;236;231;239;244;224;132;0;0;0;0;0;0;0;0;0;0;0;89;247;225;219;223;226;232;221;221;222;225;231;234;225;222;224;243;85;0;0;0;0;0;0;0;0;0;0;221;230;218;226;219;217;223;219;219;218;219;226;221;218;218;215;227;212;0;0;0;0;0;0;0;0;0;0;230;227;222;218;225;225;222;219;222;225;216;222;223;227;212;218;227;243;0;0;0;0;0;0;0;0;0;0;244;225;230;223;221;215;214;218;217;193;221;219;219;230;223;231;217;254;0;0;0;0;0;0;0;0;0;0;255;220;229;238;238;210;213;210;216;213;206;213;209;219;227;235;211;255;4;0;0;0;0;0;0;0;0;0;255;218;224;237;238;227;220;207;214;215;209;213;214;231;230;222;209;255;40;0;0;0;0;0;0;0;0;3;255;218;217;235;232;225;218;210;207;188;215;210;219;234;245;211;210;255;67;0;0;0;0;0;0;0;0;16;255;220;222;255;234;227;216;207;217;216;213;213;216;241;217;219;212;255;91;0;0;0;0;0;0;0;0;57;255;218;232;157;239;225;215;211;213;208;214;214;225;234;108;237;213;253;108;0;0;0;0;0;0;0;0;84;255;216;251;40;247;226;218;216;208;192;218;210;225;232;50;244;212;252;117;0;0;0;0;0;0;0;0;105;231;215;255;0;247;225;219;214;215;218;212;219;222;243;44;254;214;247;126;0;0;0;0;0;0;0;0;125;230;219;239;0;255;223;218;215;215;211;216;216;216;251;27;248;213;241;132;0;0;0;0;0;0;0;0;150;231;223;210;0;255;210;214;216;213;199;224;217;213;255;0;229;217;236;142;0;0;0;0;0;0;0;0;156;229;230;171;8;255;209;224;224;227;223;223;224;215;255;0;199;228;230;157;0;0;0;0;0;0;0;0;150;229;255;115;32;255;206;225;224;221;215;219;218;201;255;20;160;252;219;169;0;0;0;0;0;0;0;0;144;231;255;94;74;255;201;219;219;216;213;231;227;205;255;38;108;255;221;170;0;0;0;0;0;0;0;0;120;234;255;65;119;255;207;223;222;225;228;220;218;206;255;74;81;255;222;163;0;0;0;0;0;0;0;0;112;234;255;34;126;255;212;226;227;218;209;226;217;207;255;124;64;255;226;143;0;0;0;0;0;0;0;0;93;232;255;12;121;255;211;224;221;218;211;224;223;210;255;149;23;255;228;97;0;0;0;0;0;0;0;0;96;230;243;8;130;255;219;221;223;228;233;228;218;212;255;162;3;237;227;78;0;0;0;0;0;0;0;0;182;248;255;0;118;247;222;230;227;230;230;230;230;222;234;187;7;254;249;151;0;0;0;0;0;0;0;0;131;168;228;0;171;253;221;228;226;233;235;228;223;222;234;255;0;129;131;56;0;0;0;0;0;0;0;0;0;0;0;0;47;255;245;237;238;241;243;248;251;240;255;80;0;0;0;0;0;0;0;0;0;0;0;0;0;0;0;0;0;0;112;173;215;229;227;211;184;116;0;0;0;5;3;1;0;0;0;0
0;0;0;0;0;0;0;0;0;0;0;0;129;129;113;149;115;0;0;0;0;0;0;0;0;0;0;0;0;0;0;0;0;0;2;0;0;0;0;145;216;190;179;201;222;28;0;0;0;3;2;0;0;0;0;0;0;0;0;0;0;2;0;0;13;85;195;195;158;132;136;185;210;122;137;68;0;0;0;0;0;0;0;0;0;0;1;1;0;0;0;99;160;155;142;165;165;121;166;209;186;89;136;135;138;75;3;0;0;0;0;0;0;0;1;3;0;38;169;137;134;122;141;149;189;116;185;224;106;110;107;125;115;128;151;25;0;2;0;0;0;0;0;0;0;149;145;131;131;132;132;148;224;129;203;249;91;130;114;110;115;122;114;91;0;0;0;0;0;0;0;0;13;158;146;116;148;145;136;109;213;157;200;215;119;110;112;135;140;93;107;122;6;0;1;0;0;0;4;0;77;167;164;140;106;150;149;132;136;195;217;193;101;108;133;128;99;97;133;119;51;0;0;0;0;0;0;0;134;154;170;188;120;117;139;150;122;178;231;146;100;121;117;103;88;138;136;105;104;0;0;0;0;0;0;0;177;151;148;208;146;128;121;130;124;169;230;117;108;114;104;108;71;202;99;116;122;0;0;0;0;0;0;26;183;146;135;218;165;132;126;125;109;136;208;91;115;113;114;97;84;190;88;130;132;21;0;0;0;0;0;66;168;147;133;222;188;164;124;135;115;116;144;102;121;115;107;76;103;195;107;104;133;50;0;0;0;0;0;122;164;138;149;206;189;177;116;150;128;109;119;112;119;115;98;77;84;194;131;84;140;77;0;0;0;0;0;153;152;133;182;224;160;131;140;141;148;110;165;112;115;123;88;108;61;177;170;82;126;116;0;0;0;0;0;183;156;122;255;219;144;145;162;173;132;112;168;137;108;107;114;88;74;150;197;86;117;146;0;0;0;0;0;162;152;106;243;74;161;160;176;168;115;118;119;118;131;113;98;92;107;48;224;91;142;160;0;0;0;0;7;160;146;202;71;14;210;179;169;122;123;122;170;135;113;110;92;105;100;16;133;141;105;162;5;0;0;0;24;169;129;242;114;30;226;186;132;147;122;114;131;131;129;97;150;170;99;0;173;170;108;169;32;0;0;0;56;166;110;176;130;56;226;180;149;133;128;116;119;102;140;92;145;162;107;0;112;157;133;138;23;0;0;0;86;173;102;183;81;88;206;183;154;116;121;130;178;119;120;110;100;177;115;26;88;208;141;80;54;0;0;0;89;170;93;188;52;125;226;161;124;131;120;119;145;122;118;113;112;121;124;32;87;177;125;146;64;0;0;0;124;157;106;174;18;157;202;136;141;131;130;112;132;110;124;103;104;106;146;62;52;157;110;150;55;0;0;0;110;158;106;157;0;158;183;144;148;139;126;115;153;118;114;120;102;93;131;56;48;205;122;110;34;0;0;0;68;161;133;147;0;107;170;142;128;115;124;120;140;118;123;110;94;89;102;5;13;177;119;80;50;0;0;0;67;147;118;167;0;44;196;150;148;130;113;139;139;124;100;105;103;117;147;0;1;164;124;125;51;0;0;0;17;150;133;94;0;48;181;172;171;181;153;158;147;125;135;154;147;136;138;0;0;166;134;116;2;0;0;0;0;133;185;42;0;0;0;13;38;50;55;96;94;60;55;48;16;1;0;0;0;115;189;92;0;0;0;0;0;62;116;10;0;0;0;0;0;0;0;0;0;0;0;0;0;0;0;0;0;50;107;18;0;0